F040,88A0
F041,88A1
F042,88A2
F043,88A3
F044,88A4
F045,88A5
F046,88A6
F047,88A7
F048,88A8
F049,88A9
F04A,88AA
F04B,88AB
F04C,88AC
F04D,88AD
F04E,88AE
F04F,88AF
F050,88B0
F051,88B1
F052,88B2
F053,88B3
F054,88B4
F055,88B5
F056,88B6
F057,88B7
F058,88B8
F059,88B9
F05A,88BA
F05B,88BB
F05C,88BC
F05D,88BD
F05E,88BE
F05F,88BF
F060,88C0
F061,88C1
F062,88C2
F063,88C3
F064,88C4
F065,88C5
F066,88C6
F067,88C7
F068,88C8
F069,88C9
F06A,88CA
F06B,88CB
F06C,88CC
F06D,88CD
F06E,88CE
F06F,88CF
F070,88D0
F071,88D1
F072,88D2
F073,88D3
F074,88D4
F075,88D5
F076,88D6
F077,88D7
F078,88D8
F079,88D9
F07A,88DA
F07B,88DB
F07C,88DC
F07D,88DD
F07E,88DE
F07F,88DF
F080,88E0
F081,88E1
F082,88E2
F083,88E3
F084,88E4
F085,88E5
F086,88E6
F087,88E7
F088,88E8
F089,88E9
F08A,88EA
F08B,88EB
F08C,88EC
F08D,88ED
F08E,88EE
F08F,88EF
F090,88F0
F091,88F1
F092,88F2
F093,88F3
F094,88F4
F095,88F5
F096,88F6
F097,88F7
F098,88F8
F099,88F9
F09A,88FA
F09B,88FB
F09C,88FC
F09D,88FD
F09E,88FE
F09F,88FF
F0A0,8900
F0A1,8901
F0A2,8902
F0A3,8903
F0A4,8904
F0A5,8905
F0A6,8906
F0A7,8907
F0A8,8908
F0A9,8909
F0AA,890A
F0AB,890B
F0AC,890C
F0AD,890D
F0AE,890E
F0AF,890F
F0B0,8910
F0B1,8911
F0B2,8912
F0B3,8913
F0B4,8914
F0B5,8915
F0B6,8916
F0B7,8917
F0B8,8918
F0B9,8919
F0BA,891A
F0BB,891B
F0BC,891C
F0BD,891D
F0BE,891E
F0BF,891F
F0C0,8920
F0C1,8921
F0C2,8922
F0C3,8923
F0C4,8924
F0C5,8925
F0C6,8926
F0C7,8927
F0C8,8928
F0C9,8929
F0CA,892A
F0CB,892B
F0CC,892C
F0CD,892D
F0CE,892E
F0CF,892F
F0D0,8930
F0D1,8931
F0D2,8932
F0D3,8933
F0D4,8934
F0D5,8935
F0D6,8936
F0D7,8937
F0D8,8938
F0D9,8939
F0DA,893A
F0DB,893B
F0DC,893C
F0DD,893D
F0DE,893E
F0DF,893F
F0E0,8940
F0E1,8941
F0E2,8942
F0E3,8943
F0E4,8944
F0E5,8945
F0E6,8946
F0E7,8947
F0E8,8948
F0E9,8949
F0EA,894A
F0EB,894B
F0EC,894C
F0ED,894D
F0EE,894E
F0EF,894F
F0F0,8950
F0F1,8951
F0F2,8952
F0F3,8953
F0F4,8954
F0F5,8955
F0F6,8956
F0F7,8957
F0F8,8958
F0F9,8959
F0FA,895A
F0FB,895B
F0FC,895C
F0FD,895D
F0FE,895E
F0FF,895F
F100,8960
F101,8961
F102,8962
F103,8963
F104,8964
F105,8965
F106,8966
F107,8967
F108,8968
F109,8969
F10A,896A
F10B,896B
F10C,896C
F10D,896D
F10E,896E
F10F,896F
F110,8970
F111,8971
F112,8972
F113,8973
F114,8974
F115,8975
F116,8976
F117,8977
F118,8978
F119,8979
F11A,897A
F11B,897B
F11C,897C
F11D,897D
F11E,897E
F11F,897F
F120,8980
F121,8981
F122,8982
F123,8983
F124,8984
F125,8985
F126,8986
F127,8987
F128,8988
F129,8989
F12A,898A
F12B,898B
F12C,898C
F12D,898D
F12E,898E
F12F,898F
F130,8990
F131,8991
F132,8992
F133,8993
F134,8994
F135,8995
F136,8996
F137,8997
F138,8998
F139,8999
F13A,899A
F13B,899B
F13C,899C
F13D,899D
F13E,899E
F13F,899F
F140,89A0
F141,89A1
F142,89A2
F143,89A3
F144,89A4
F145,89A5
F146,89A6
F147,89A7
F148,89A8
F149,89A9
F14A,89AA
F14B,89AB
F14C,89AC
F14D,89AD
F14E,89AE
F14F,89AF
F150,89B0
F151,89B1
F152,89B2
F153,89B3
F154,89B4
F155,89B5
F156,89B6
F157,89B7
F158,89B8
F159,89B9
F15A,89BA
F15B,89BB
F15C,89BC
F15D,89BD
F15E,89BE
F15F,89BF
F160,89C0
F161,89C1
F162,89C2
F163,89C3
F164,89C4
F165,89C5
F166,89C6
F167,89C7
F168,89C8
F169,89C9
F16A,89CA
F16B,89CB
F16C,89CC
F16D,89CD
F16E,89CE
F16F,89CF
F170,89D0
F171,89D1
F172,89D2
F173,89D3
F174,89D4
F175,89D5
F176,89D6
F177,89D7
F178,89D8
F179,89D9
F17A,89DA
F17B,89DB
F17C,89DC
F17D,89DD
F17E,89DE
F17F,89DF
F180,89E0
F181,89E1
F182,89E2
F183,89E3
F184,89E4
F185,89E5
F186,89E6
F187,89E7
F188,89E8
F189,89E9
F18A,89EA
F18B,89EB
F18C,89EC
F18D,89ED
F18E,89EE
F18F,89EF
F190,89F0
F191,89F1
F192,89F2
F193,89F3
F194,89F4
F195,89F5
F196,89F6
F197,89F7
F198,89F8
F199,89F9
F19A,89FA
F19B,89FB
F19C,89FC
F19D,89FD
F19E,89FE
F19F,89FF
F1A0,8A00
F1A1,8A01
F1A2,8A02
F1A3,8A03
F1A4,8A04
F1A5,8A05
F1A6,8A06
F1A7,8A07
F1A8,8A08
F1A9,8A09
F1AA,8A0A
F1AB,8A0B
F1AC,8A0C
F1AD,8A0D
F1AE,8A0E
F1AF,8A0F
F1B0,8A10
F1B1,8A11
F1B2,8A12
F1B3,8A13
F1B4,8A14
F1B5,8A15
F1B6,8A16
F1B7,8A17
F1B8,8A18
F1B9,8A19
F1BA,8A1A
F1BB,8A1B
F1BC,8A1C
F1BD,8A1D
F1BE,8A1E
F1BF,8A1F
F1C0,8A20
F1C1,8A21
F1C2,8A22
F1C3,8A23
F1C4,8A24
F1C5,8A25
F1C6,8A26
F1C7,8A27
F1C8,8A28
F1C9,8A29
F1CA,8A2A
F1CB,8A2B
F1CC,8A2C
F1CD,8A2D
F1CE,8A2E
F1CF,8A2F
F1D0,8A30
F1D1,8A31
F1D2,8A32
F1D3,8A33
F1D4,8A34
F1D5,8A35
F1D6,8A36
F1D7,8A37
F1D8,8A38
F1D9,8A39
F1DA,8A3A
F1DB,8A3B
F1DC,8A3C
F1DD,8A3D
F1DE,8A3E
F1DF,8A3F
F1E0,8A40
F1E1,8A41
F1E2,8A42
F1E3,8A43
F1E4,8A44
F1E5,8A45
F1E6,8A46
F1E7,8A47
F1E8,8A48
F1E9,8A49
F1EA,8A4A
F1EB,8A4B
F1EC,8A4C
F1ED,8A4D
F1EE,8A4E
F1EF,8A4F
F1F0,8A50
F1F1,8A51
F1F2,8A52
F1F3,8A53
F1F4,8A54
F1F5,8A55
F1F6,8A56
F1F7,8A57
F1F8,8A58
F1F9,8A59
F1FA,8A5A
F1FB,8A5B
F1FC,8A5C
F1FD,8A5D
F1FE,8A5E
F1FF,8A5F
F200,8A60
F201,8A61
F202,8A62
F203,8A63
F204,8A64
F205,8A65
F206,8A66
F207,8A67
F208,8A68
F209,8A69
F20A,8A6A
F20B,8A6B
F20C,8A6C
F20D,8A6D
F20E,8A6E
F20F,8A6F
F210,8A70
F211,8A71
F212,8A72
F213,8A73
F214,8A74
F215,8A75
F216,8A76
F217,8A77
F218,8A78
F219,8A79
F21A,8A7A
F21B,8A7B
F21C,8A7C
F21D,8A7D
F21E,8A7E
F21F,8A7F
F220,8A80
F221,8A81
F222,8A82
F223,8A83
F224,8A84
F225,8A85
F226,8A86
F227,8A87
F228,8A88
F229,8A89
F22A,8A8A
F22B,8A8B
F22C,8A8C
F22D,8A8D
F22E,8A8E
F22F,8A8F
F230,8A90
F231,8A91
F232,8A92
F233,8A93
F234,8A94
